Hand,Height(Inch),Weight(Pound),Avg(%),HR,Count
Both,72.01923077,177.4519231,0.205048077,32.14423077,104
Left,72.71518987,185.1297468,0.204512658,56.14873418,316
Right,72.87788331,185.2455902,0.176620081,42.59837178,737
